<?xml version="1.0" encoding="UTF-8"?>
<LightningComponentBundle xmlns="http://soap.sforce.com/2006/04/metadata">
    <apiVersion>52.0</apiVersion>
    <isExposed>true</isExposed>
    <targets>
        <target>lightning__FlowScreen</target>
    </targets>
    <targetConfigs>
        <targetConfig targets="lightning__FlowScreen">
            <propertyType name="T" extends="SObject" label="Datatable Object API Name" description="Select the API Name of the SObject to use in the Datatable"  />
            <property name="tableData" label="_ Datatable Record Collection" type="{T[]}"  description="Record Collection variable containing the records to display in the datatable."  role="inputOnly"/>
            <!-- Forcing sort order of parameters with special characters _(1) -(2) .(3) -->
            <property name="columnFields" label="_ Column Fields" type="String"  description="REQUIRED: Comma separated list of field API Names to display in the datatable." role="inputOnly"/>
            <property name="selectedRecords" label="Selected Records" type="{T[]}"  description="REQUIRED: Comma separated list of field API Names to display in the datatable." role="outputOnly"/>
        </targetConfig>
    </targetConfigs>
</LightningComponentBundle>