[{"_allAttributes":null,"_properties":null,"_methods":null,"file":"c:/acolad/acolad/force-app/main/default/lwc/moveAccount/moveAccount.js","metadata":{"decorators":[{"type":"api","targets":[{"type":"property","name":"recordId","value":{"type":"unresolved"}}]}],"exports":[{"type":"ExportDefaultDeclaration"}]},"updatedAt":"2021-07-08T17:43:12.567Z"},{"_allAttributes":null,"_properties":null,"_methods":null,"file":"c:/acolad/acolad/force-app/main/default/lwc/setMasterCatGrid/setMasterCatGrid.js","metadata":{"decorators":[{"type":"api","targets":[{"type":"property","name":"recordId","value":{"type":"unresolved"}}]}],"exports":[{"type":"ExportDefaultDeclaration"}]},"updatedAt":"2021-06-22T08:15:04.435Z"},{"_allAttributes":null,"_properties":null,"_methods":null,"file":"c:/acolad/acolad/force-app/main/default/lwc/lighningVendorSearch/lighningVendorSearch.js","metadata":{"decorators":[{"type":"api","targets":[{"type":"property","name":"recordId","value":{"type":"unresolved"}},{"type":"property","name":"VendorName","value":{"type":"unresolved"}},{"type":"property","name":"LocalTMS","value":{"type":"unresolved"}},{"type":"property","name":"RelatedAcoladCompany","value":{"type":"unresolved"}},{"type":"property","name":"PriceParameters","value":{"type":"array","value":[]}},{"type":"property","name":"Profiles","value":{"type":"array","value":[]}},{"type":"property","name":"tableData","value":{"type":"array","value":[]}},{"type":"property","name":"columnFields","value":{"type":"array","value":[]}},{"type":"property","name":"renderAddLanguage","value":{"type":"unresolved"}},{"type":"property","name":"renderAddLanguage1","value":{"type":"unresolved"}},{"type":"property","name":"renderAddLanguage2","value":{"type":"unresolved"}},{"type":"property","name":"sourceLangage","value":{"type":"unresolved"}},{"type":"property","name":"destlanguage","value":{"type":"unresolved"}},{"type":"property","name":"number","value":{"type":"number","value":0}}]}],"declarationLoc":{"start":{"line":4,"column":0},"end":{"line":155,"column":5}},"classMembers":[{"type":"property","name":"recordId","loc":{"start":{"line":5,"column":0},"end":{"line":5,"column":14}},"decorator":"api","value":{"type":"unresolved"}},{"type":"property","name":"VendorName","loc":{"start":{"line":6,"column":0},"end":{"line":6,"column":16}},"decorator":"api","value":{"type":"unresolved"}},{"type":"property","name":"LocalTMS","loc":{"start":{"line":7,"column":0},"end":{"line":7,"column":14}},"decorator":"api","value":{"type":"unresolved"}},{"type":"property","name":"RelatedAcoladCompany","loc":{"start":{"line":8,"column":0},"end":{"line":8,"column":26}},"decorator":"api","value":{"type":"unresolved"}},{"type":"property","name":"PriceParameters","loc":{"start":{"line":9,"column":0},"end":{"line":9,"column":24}},"decorator":"api","value":{"type":"array","value":[]}},{"type":"property","name":"Profiles","loc":{"start":{"line":10,"column":0},"end":{"line":10,"column":17}},"decorator":"api","value":{"type":"array","value":[]}},{"type":"property","name":"tableData","loc":{"start":{"line":11,"column":0},"end":{"line":11,"column":18}},"decorator":"api","value":{"type":"array","value":[]}},{"type":"property","name":"columnFields","loc":{"start":{"line":12,"column":0},"end":{"line":12,"column":21}},"decorator":"api","value":{"type":"array","value":[]}},{"type":"property","name":"renderAddLanguage","loc":{"start":{"line":13,"column":0},"end":{"line":13,"column":24}},"decorator":"api","value":{"type":"unresolved"}},{"type":"property","name":"renderAddLanguage1","loc":{"start":{"line":14,"column":0},"end":{"line":14,"column":25}},"decorator":"api","value":{"type":"unresolved"}},{"type":"property","name":"renderAddLanguage2","loc":{"start":{"line":15,"column":0},"end":{"line":15,"column":25}},"decorator":"api","value":{"type":"unresolved"}},{"type":"property","name":"sourceLangage","loc":{"start":{"line":16,"column":0},"end":{"line":16,"column":20}},"decorator":"api","value":{"type":"unresolved"}},{"type":"property","name":"destlanguage","loc":{"start":{"line":17,"column":0},"end":{"line":17,"column":19}},"decorator":"api","value":{"type":"unresolved"}},{"type":"property","name":"number","loc":{"start":{"line":18,"column":0},"end":{"line":18,"column":16}},"decorator":"api","value":{"type":"number","value":0}},{"type":"method","name":"connectedCallback","loc":{"start":{"line":22,"column":0},"end":{"line":90,"column":9}}},{"type":"method","name":"addPP","loc":{"start":{"line":93,"column":8},"end":{"line":107,"column":9}}},{"type":"method","name":"handleAccountSearch","loc":{"start":{"line":110,"column":8},"end":{"line":122,"column":9}}},{"type":"property","name":"PMLanguage","loc":{"start":{"line":126,"column":8},"end":{"line":143,"column":9}}},{"type":"method","name":"HandleSourceLanguage","loc":{"start":{"line":146,"column":8},"end":{"line":149,"column":9}}},{"type":"method","name":"HandleDesLanguage","loc":{"start":{"line":151,"column":8},"end":{"line":153,"column":9}}}],"exports":[{"type":"ExportDefaultDeclaration"}]},"updatedAt":"2021-07-06T12:32:16.530Z"},{"_allAttributes":null,"_properties":null,"_methods":null,"file":"c:/acolad/acolad/force-app/main/default/lwc/lightningDatatableLWC/lightningDatatableLWC.js","metadata":{"decorators":[{"type":"api","targets":[{"type":"property","name":"tableData","value":{"type":"array","value":[]}},{"type":"property","name":"columnFields","value":{"type":"array","value":[]}},{"type":"property","name":"selectedRecords","value":{"type":"array","value":[]}},{"type":"property","name":"T","value":{"type":"unresolved"}}]}],"declarationLoc":{"start":{"line":3,"column":0},"end":{"line":42,"column":1}},"classMembers":[{"type":"property","name":"tableData","loc":{"start":{"line":4,"column":4},"end":{"line":4,"column":24}},"decorator":"api","value":{"type":"array","value":[]}},{"type":"property","name":"columnFields","loc":{"start":{"line":5,"column":4},"end":{"line":5,"column":25}},"decorator":"api","value":{"type":"array","value":[]}},{"type":"property","name":"selectedRecords","loc":{"start":{"line":6,"column":4},"end":{"line":6,"column":28}},"decorator":"api","value":{"type":"array","value":[]}},{"type":"property","name":"T","loc":{"start":{"line":7,"column":4},"end":{"line":7,"column":12}},"decorator":"api","value":{"type":"unresolved"}},{"type":"method","name":"connectedCallback","loc":{"start":{"line":8,"column":4},"end":{"line":26,"column":5}}},{"type":"method","name":"updateSelectedText","loc":{"start":{"line":27,"column":4},"end":{"line":40,"column":5}}}],"exports":[{"type":"ExportDefaultDeclaration"}]},"updatedAt":"2021-07-06T08:54:47.940Z"},{"_allAttributes":null,"_properties":null,"_methods":null,"file":"c:/acolad/acolad/force-app/main/default/lwc/searchVendorComponent/searchVendorComponent.js","metadata":{"decorators":[{"type":"api","targets":[{"type":"property","name":"profileAcoladCompany","value":{"type":"unresolved"}},{"type":"property","name":"profileselectedStatus","value":{"type":"unresolved"}},{"type":"property","name":"checkboxGTCapproved","value":{"type":"unresolved"}},{"type":"property","name":"checkboxVIPprofile","value":{"type":"unresolved"}},{"type":"property","name":"currentAccountName","value":{"type":"unresolved"}},{"type":"property","name":"searchAccountName","value":{"type":"unresolved"}},{"type":"property","name":"searchByCountry","value":{"type":"unresolved"}},{"type":"property","name":"searchtype","value":{"type":"unresolved"}},{"type":"property","name":"currentType","value":{"type":"unresolved"}},{"type":"property","name":"changeCountry","value":{"type":"unresolved"}},{"type":"property","name":"PMServices","value":{"type":"unresolved"}},{"type":"property","name":"PMLanguageSource","value":{"type":"unresolved"}},{"type":"property","name":"PMLanguageDest","value":{"type":"unresolved"}},{"type":"property","name":"PMstatus","value":{"type":"unresolved"}},{"type":"property","name":"PMRate","value":{"type":"unresolved"}},{"type":"property","name":"records","value":{"type":"unresolved"}},{"type":"property","name":"notFound","value":{"type":"unresolved"}},{"type":"property","name":"columns","value":{"type":"array","value":[{"type":"object","value":{"label":{"type":"string","value":"Vendor Name"},"fieldName":{"type":"string","value":"Name"},"sortable":{"type":"boolean","value":true}}},{"type":"object","value":{"label":{"type":"string","value":"Type"},"fieldName":{"type":"string","value":"Type"},"sortable":{"type":"boolean","value":true},"cellAttributes":{"type":"object","value":{"alignment":{"type":"string","value":"left"}}}}},{"type":"object","value":{"label":{"type":"string","value":"Country"},"fieldName":{"type":"string","value":"BillingCountry"},"sortable":{"type":"boolean","value":true}}}]}}]}],"declarationLoc":{"start":{"line":4,"column":0},"end":{"line":269,"column":1}},"classMembers":[{"type":"property","name":"profileAcoladCompany","loc":{"start":{"line":8,"column":4},"end":{"line":8,"column":32}},"decorator":"api","value":{"type":"unresolved"}},{"type":"property","name":"profileselectedStatus","loc":{"start":{"line":9,"column":4},"end":{"line":9,"column":31}},"decorator":"api","value":{"type":"unresolved"}},{"type":"property","name":"checkboxGTCapproved","loc":{"start":{"line":10,"column":4},"end":{"line":10,"column":30}},"decorator":"api","value":{"type":"unresolved"}},{"type":"property","name":"checkboxVIPprofile","loc":{"start":{"line":11,"column":4},"end":{"line":11,"column":29}},"decorator":"api","value":{"type":"unresolved"}},{"type":"property","name":"currentAccountName","loc":{"start":{"line":16,"column":3},"end":{"line":16,"column":27}},"decorator":"api","value":{"type":"unresolved"}},{"type":"property","name":"searchAccountName","loc":{"start":{"line":17,"column":3},"end":{"line":17,"column":26}},"decorator":"api","value":{"type":"unresolved"}},{"type":"property","name":"searchByCountry","loc":{"start":{"line":18,"column":3},"end":{"line":18,"column":24}},"decorator":"api","value":{"type":"unresolved"}},{"type":"property","name":"searchtype","loc":{"start":{"line":19,"column":3},"end":{"line":19,"column":19}},"decorator":"api","value":{"type":"unresolved"}},{"type":"property","name":"currentType","loc":{"start":{"line":20,"column":3},"end":{"line":20,"column":21}},"decorator":"api","value":{"type":"unresolved"}},{"type":"property","name":"changeCountry","loc":{"start":{"line":21,"column":3},"end":{"line":21,"column":23}},"decorator":"api","value":{"type":"unresolved"}},{"type":"property","name":"PMServices","loc":{"start":{"line":23,"column":3},"end":{"line":23,"column":20}},"decorator":"api","value":{"type":"unresolved"}},{"type":"property","name":"PMLanguageSource","loc":{"start":{"line":24,"column":3},"end":{"line":24,"column":26}},"decorator":"api","value":{"type":"unresolved"}},{"type":"property","name":"PMLanguageDest","loc":{"start":{"line":25,"column":3},"end":{"line":25,"column":23}},"decorator":"api","value":{"type":"unresolved"}},{"type":"property","name":"PMstatus","loc":{"start":{"line":26,"column":3},"end":{"line":26,"column":17}},"decorator":"api","value":{"type":"unresolved"}},{"type":"property","name":"PMRate","loc":{"start":{"line":27,"column":3},"end":{"line":27,"column":16}},"decorator":"api","value":{"type":"unresolved"}},{"type":"property","name":"records","loc":{"start":{"line":29,"column":3},"end":{"line":29,"column":16}},"decorator":"api","value":{"type":"unresolved"}},{"type":"property","name":"notFound","loc":{"start":{"line":30,"column":3},"end":{"line":30,"column":17}},"decorator":"api","value":{"type":"unresolved"}},{"type":"property","name":"defaultSortDirection","loc":{"start":{"line":34,"column":3},"end":{"line":34,"column":32}}},{"type":"property","name":"sortDirection","loc":{"start":{"line":35,"column":3},"end":{"line":35,"column":25}}},{"type":"property","name":"sortedBy","loc":{"start":{"line":36,"column":3},"end":{"line":36,"column":12}}},{"type":"method","name":"HandlecheckboxGTCapproved","loc":{"start":{"line":39,"column":3},"end":{"line":41,"column":1}}},{"type":"method","name":"HandlecheckboxVIPprofile","loc":{"start":{"line":43,"column":0},"end":{"line":45,"column":1}}},{"type":"method","name":"HandleprofileselectedStatus","loc":{"start":{"line":46,"column":0},"end":{"line":49,"column":1}}},{"type":"method","name":"HandleprofileAcoladCompany","loc":{"start":{"line":51,"column":0},"end":{"line":54,"column":1}}},{"type":"method","name":"handleChangeCountry","loc":{"start":{"line":57,"column":3},"end":{"line":61,"column":4}}},{"type":"method","name":"handleChangeAccName","loc":{"start":{"line":63,"column":4},"end":{"line":65,"column":5}}},{"type":"method","name":"HandlePMServices","loc":{"start":{"line":66,"column":4},"end":{"line":68,"column":5}}},{"type":"method","name":"HandleSourceLanguage","loc":{"start":{"line":70,"column":4},"end":{"line":73,"column":5}}},{"type":"method","name":"handlePMstatus","loc":{"start":{"line":75,"column":4},"end":{"line":77,"column":5}}},{"type":"method","name":"handlePMRate","loc":{"start":{"line":79,"column":4},"end":{"line":82,"column":5}}},{"type":"method","name":"HandleDesLanguage","loc":{"start":{"line":83,"column":4},"end":{"line":85,"column":5}}},{"type":"property","name":"options","loc":{"start":{"line":86,"column":4},"end":{"line":92,"column":5}}},{"type":"property","name":"columns","loc":{"start":{"line":96,"column":4},"end":{"line":105,"column":6}},"decorator":"api","value":{"type":"array","value":[{"type":"object","value":{"label":{"type":"string","value":"Vendor Name"},"fieldName":{"type":"string","value":"Name"},"sortable":{"type":"boolean","value":true}}},{"type":"object","value":{"label":{"type":"string","value":"Type"},"fieldName":{"type":"string","value":"Type"},"sortable":{"type":"boolean","value":true},"cellAttributes":{"type":"object","value":{"alignment":{"type":"string","value":"left"}}}}},{"type":"object","value":{"label":{"type":"string","value":"Country"},"fieldName":{"type":"string","value":"BillingCountry"},"sortable":{"type":"boolean","value":true}}}]}},{"type":"property","name":"profileAcoladCompanyOptions","loc":{"start":{"line":111,"column":4},"end":{"line":142,"column":5}}},{"type":"property","name":"PMServicesVal","loc":{"start":{"line":144,"column":4},"end":{"line":161,"column":5}}},{"type":"property","name":"PMLanguage","loc":{"start":{"line":164,"column":4},"end":{"line":181,"column":5}}},{"type":"property","name":"profileStatusoptions","loc":{"start":{"line":184,"column":4},"end":{"line":192,"column":5}}},{"type":"property","name":"Countryoptions","loc":{"start":{"line":194,"column":4},"end":{"line":201,"column":5}}},{"type":"method","name":"handleAccountSearch","loc":{"start":{"line":202,"column":4},"end":{"line":230,"column":6}}},{"type":"method","name":"handlsearchtype","loc":{"start":{"line":232,"column":4},"end":{"line":234,"column":5}}},{"type":"method","name":"sortBy","loc":{"start":{"line":238,"column":8},"end":{"line":252,"column":9}}},{"type":"method","name":"onHandleSort","loc":{"start":{"line":254,"column":8},"end":{"line":262,"column":9}}}],"exports":[{"type":"ExportDefaultDeclaration"}]},"updatedAt":"2021-07-06T08:54:47.934Z"}]